"year","team","number","player","points","matches_started","sets_started","sets_played","hitting_efficiency","kill_percentage","kills","attack_errors","attacks_blocked","attack_attempts","in_system_percentage","reception_errors","reception_attempts","service_aces","service_errors","opponent_in_system_percentage","service_attempts","blocks","block_touch_percentage","digs","dig_percentage","assists","setting_efficiency"
2026,"Atlanta",10,"Rachel Fairbanks",63,20,72,75,0.493,58.2,39,4,2,67,50,0,2,14,20,35.7,272,10,42.2,152,77.6,780,0.309
2026,"Atlanta",11,"Onye Ofoegbu",73,7,22,28,0.52,59,59,3,4,100,0,0,3,2,13,34,53,12,33.7,18,72,2,0
2026,"Atlanta",6,"Miroslava Paskova",17,3,10,20,0.105,26.3,15,3,6,57,38,1,79,2,6,47.7,44,0,28.6,24,85.7,1,-0.4
2026,"Atlanta",16,"Beatrice Negretti",1,0,0,71,0,0,0,0,0,0,56,8,125,1,1,57.7,71,0,0,94,78.3,22,0.178
2026,"Atlanta",13,"McKenzie Adams",225,20,74,75,0.198,35.6,173,49,28,486,55.2,31,478,22,64,30.6,271,30,48.6,186,81.2,7,-0.1
2026,"Atlanta",2,"Piyanut Pannoy",0,0,0,63,0,0,0,0,0,0,68.7,9,182,0,0,100,1,0,0,170,76.2,61,0.215
2026,"Atlanta",12,"Carly DeHoog",38,0,3,32,0.212,36.5,31,5,8,85,75,0,4,1,1,50,16,6,50,12,75,2,0.25
2026,"Atlanta",22,"Julia Sangiacomo",113,10,36,49,0.242,37.1,95,18,15,256,37.5,13,309,7,9,45.5,112,11,43.4,54,75,3,0.222
2026,"Atlanta",15,"Magdalena Jehlárová",188,16,69,74,0.415,53,125,13,14,236,60.9,1,23,12,25,40.7,189,51,49.6,43,87.8,2,-0.08
2026,"Atlanta",23,"Kelsey Cook",0,0,0,0,0,0,0,0,0,0,0,0,0,0,0,0,0,0,0,0,0,0,0
2026,"Atlanta",18,"Ivonee Montaño",243,13,49,67,0.271,43,216,46,34,502,50,0,10,8,38,41.5,176,19,41.9,83,74.8,3,-0.1
2026,"Atlanta",27,"Eva Hudson",88,7,35,44,0.201,31.1,79,17,11,254,49.1,14,320,3,8,58.3,127,6,54.1,70,72.9,4,0.333
2026,"Atlanta",14,"Tia Jimerson",155,17,65,67,0.355,45,118,16,9,262,57.9,0,19,8,5,61,254,29,42,61,82.4,9,0.156
2026,"Atlanta",19,"Jess Robinson",0,0,0,1,0,0,0,0,0,0,0,0,0,0,0,0,0,0,0,0,0,0,0
2026,"Atlanta",17,"Tessa Grubbs",135,7,27,27,0.205,37.9,111,29,22,293,0,0,0,7,22,25.6,82,17,51.9,46,88.5,1,-0.1
2026,"Atlanta",7,"Ella May Powell",7,0,6,47,0.4,50,5,0,1,10,0,0,0,1,4,48.1,54,1,38.5,35,67.3,129,0.232
2026,"Austin",11,"Bella Bergmark",56,5,26,31,0.358,46.3,44,4,6,95,22.2,0,9,2,7,50,80,10,38.5,17,73.9,1,0.25
2026,"Austin",22,"Bailey Miller",20,1,3,28,0.209,39.5,17,6,2,43,50.9,4,53,3,5,44.1,59,0,40,16,69.6,1,0.167
2026,"Austin",13,"Juliann Faucette",22,0,3,29,0.085,25.6,21,6,8,82,0,0,0,0,1,35.7,14,1,26.3,20,80,0,-0.3
2026,"Austin",10,"Zoe Jarvis",1,0,0,56,0,0,0,0,0,0,49.7,8,181,1,5,41.4,29,0,0,101,76.5,29,0.19
2026,"Austin",3,"Carli Lloyd",25,4,25,57,0.289,36.8,14,1,2,38,0,0,2,2,9,60.4,134,9,42.4,83,83,338,0.264
2026,"Austin",5,"Molly McCage",134,16,60,60,0.339,44.8,99,13,11,221,33.3,0,12,2,16,48.2,137,33,41.6,23,63.9,6,0.188
2026,"Austin",95,"Magdalena Jurczyk",13,1,7,10,0.235,35.3,6,2,0,17,0,0,0,1,1,73.1,26,6,56.5,4,66.7,0,0
2026,"Austin",6,"Madisen Skinner",332,20,78,82,0.242,39.3,297,65,49,756,44.4,1,9,11,29,38.8,242,24,41.3,122,81.9,10,0.021
2026,"Austin",7,"Asjia O'Neal",219,18,77,77,0.363,43.9,156,15,12,355,45.5,0,11,14,18,46.1,228,49,43.5,42,80.8,6,0.1
2026,"Austin",17,"Brie O'Reilly",52,16,60,70,0.478,50,23,0,1,46,0,0,1,9,15,41.3,230,20,44.3,170,81.3,580,0.266
2026,"Austin",15,"Kotoe Inoue",0,0,0,61,0,0,0,0,0,0,60.6,18,274,0,0,0,0,0,0,218,76,40,0.091
2026,"Austin",4,"Madi Banks",187,19,81,83,0.185,30.8,168,35,32,545,54,14,430,8,17,50.3,292,11,46.7,169,82,22,0.111
2026,"Austin",1,"Khat Bell",22,0,4,12,0.196,37,17,4,4,46,0,0,0,0,0,55.6,9,5,38.9,7,50,2,0.167
2026,"Austin",33,"Logan Eggleston",283,20,83,84,0.199,34.7,232,52,47,669,53.5,29,617,26,29,28.8,309,25,40.8,191,80.3,11,0.096
2026,"Austin",2,"Leah Hardeman",13,0,3,9,0.219,37.5,12,3,2,32,47.2,1,36,0,1,46.2,13,1,62.5,13,81.3,0,0
2026,"Houston",5,"Lauren Briseño",0,0,0,74,0,0,0,0,0,0,56.3,17,279,0,0,100,1,0,0,207,77,65,0.2
2026,"Houston",18,"Logan Lednicky",47,0,0,57,0.196,42.2,43,5,18,102,0,0,0,0,0,0,1,4,28.6,6,100,0,0
2026,"Houston",1,"Grace Frohling",0,0,0,0,0,0,0,0,0,0,0,0,0,0,0,0,0,0,0,0,0,0,0
2026,"Houston",9,"Madi Rishel",197,20,70,72,0.217,33.5,173,35,26,517,47.8,21,481,9,22,48.1,268,15,47.7,192,76.8,10,0.054
2026,"Houston",12,"Micha Hancock",13,1,8,22,0.583,66.7,8,0,1,12,0,0,0,5,10,38.8,49,0,57.1,18,60,108,0.268
2026,"Houston",8,"Kaisa Alanko",32,19,66,72,0.448,44.8,13,0,0,29,20,0,5,11,8,56.6,272,8,54.4,190,79.8,765,0.337
2026,"Houston",23,"Jordan Thompson",455,20,74,74,0.362,47.2,423,45,53,897,0,0,0,13,29,34.2,228,19,41.2,132,75,13,0.25
2026,"Houston",14,"Julia Brown",0,0,0,10,0,0,0,0,0,0,0,0,0,0,2,46.2,13,0,0,0,0,0,0
2026,"Houston",19,"Jess Mruzik",202,17,62,64,0.22,34.6,176,35,29,508,38.5,24,444,12,25,43.4,249,14,50.5,120,77.9,18,0.22
2026,"Houston",6,"Jazmine White",29,5,18,22,0.179,33.3,13,4,2,39,50,0,2,2,2,50,76,14,49.3,5,55.6,2,0.2
2026,"Houston",11,"Anita Anwusi",0,0,0,1,0,0,0,0,0,0,0,0,1,0,0,0,2,0,0,0,0,0,0
2026,"Houston",17,"Sara Loda",0,0,0,5,0,0,0,0,0,0,0,0,0,0,2,71.4,7,0,0,1,50,0,0
2026,"Houston",2,"Karin Palgutova",43,3,16,28,0.231,34.2,40,6,7,117,42.6,13,148,2,7,45.6,68,1,25,37,78.7,3,0.118
2026,"Houston",10,"Maya Sands",0,0,0,55,0,0,0,0,0,0,61.1,0,54,0,1,33.3,15,0,0,32,91.4,2,0.071
2026,"Houston",7,"Raphaela Folie",94,15,56,57,0.37,47.1,56,5,7,119,0,0,0,8,31,43.3,180,30,36.9,20,80,5,0.364
2026,"Houston",4,"Justine Wong-Orantes",0,0,0,0,0,0,0,0,0,0,0,0,0,0,0,0,0,0,0,0,0,0,0
2026,"Houston",3,"Amber Igiede",203,20,74,74,0.461,54.6,153,14,10,280,50,1,16,12,14,48.2,218,38,46.8,57,73.1,3,0.053
2026,"Houston",16,"Maddie Waak",5,0,0,33,0,0,0,0,0,0,0,0,0,5,8,33.9,56,0,0,14,70,54,0.295
2026,"Madison",2,"Anna Hall",43,2,19,21,0.269,43.3,29,5,6,67,33.3,0,6,2,6,37.3,59,12,42.6,13,76.5,1,-0.3
2026,"Madison",27,"Ana Beatriz Correa",2,0,1,3,0.167,33.3,2,1,0,6,0,0,0,0,0,80,5,0,0,2,66.7,0,0
2026,"Madison",1,"Indrė Sorokaitė",26,0,4,20,0.141,26.9,21,5,5,78,26.3,3,38,2,5,45,20,3,50,12,63.2,1,-0.2
2026,"Madison",7,"Lauren Carlini",61,20,78,78,0.296,37,40,3,5,108,0,1,4,6,9,51.4,255,15,38.5,204,78.5,792,0.249
2026,"Madison",6,"Gong Xiangyu",201,17,68,68,0.276,38.8,162,22,25,417,55.9,15,222,14,11,47.2,288,25,48.9,173,85.2,22,0.183
2026,"Madison",25,"Callie Schwarzenbach",151,19,61,64,0.249,41.4,108,18,25,261,46.2,2,13,2,26,42.8,145,41,42.9,21,75,5,0.2
2026,"Madison",9,"Claire Chaussee",48,3,14,52,0.165,34.6,46,12,12,133,39.8,4,108,2,12,51,100,0,41.2,39,68.4,4,0
2026,"Madison",10,"Annayka Legros",33,5,14,19,0.169,39,23,6,7,59,0,0,0,2,14,29.7,37,8,29,8,57.1,0,-0.2
2026,"Madison",8,"Argentina Ung",2,0,0,34,0.2,20,1,0,0,5,0,0,0,0,2,47.8,23,1,77.8,11,91.7,53,0.27
2026,"Madison",11,"Anna Pogany",0,0,0,12,0,0,0,0,0,0,61,5,59,0,0,0,0,0,0,28,73.7,11,0.073
2026,"Madison",12,"Temi Thomas-Ailara",282,20,72,73,0.206,36.5,250,57,52,685,34.2,7,114,17,49,39.6,222,15,40.6,174,78,7,0.143
2026,"Madison",21,"Andrea Mitrovic",134,8,33,44,0.234,38.3,121,18,29,316,40.1,8,252,5,7,53.7,136,8,46.5,79,79.8,1,0.1
2026,"Madison",4,"Milica Medved",0,0,0,21,0,0,0,0,0,0,48.9,14,174,0,0,0,0,0,0,50,71.4,11,0.087
2026,"Madison",17,"Anna Haak",108,12,40,51,0.145,26.8,89,18,23,332,48.1,5,260,5,3,61.9,134,14,41.9,123,86.6,6,0.148
2026,"Madison",3,"Mariena Hayden",18,0,3,21,0.163,24.5,12,2,2,49,47.8,2,46,5,7,20,35,1,18.2,14,77.8,2,0.143
2026,"Madison",5,"Rebekah Allick",134,14,61,65,0.268,40.8,93,18,14,228,36.4,1,22,9,17,40.1,187,32,51.7,32,60.4,7,-0.03
2026,"Madison",23,"Gillian Grimes",0,0,0,46,0,0,0,0,0,0,49.2,7,240,0,0,0,0,0,0,122,78.7,27,0.028
2026,"Nebraska",17,"Candelaria Herrera",142,13,58,60,0.382,48.2,92,12,7,191,44.4,2,18,9,18,43.5,207,41,44.4,27,77.1,6,0.2
2026,"Nebraska",15,"Ana Carolina da Silva",99,12,45,48,0.146,32.9,52,10,19,158,20,0,5,6,12,47.2,142,41,51.9,17,65.4,2,-0.06
2026,"Nebraska",4,"Vicky Savard",0,0,0,0,0,0,0,0,0,0,0,0,0,0,0,0,0,0,0,0,0,0,0
2026,"Nebraska",13,"Gabby Blossom",2,3,10,49,0,0,0,0,0,5,0,0,0,2,0,60.4,48,0,33.3,41,82,154,0.236
2026,"Nebraska",9,"Iga Wasilewska",2,0,0,4,-0.3,25,2,3,1,8,0,0,0,0,0,0,1,0,50,2,100,0,0
2026,"Nebraska",1,"Lexi Rodriguez",0,0,0,67,0,0,0,0,0,0,54.9,9,350,0,0,0,0,0,0,204,83.6,51,0.107
2026,"Nebraska",12,"Audriana Fitzmorris",7,0,0,14,0.111,33.3,6,1,3,18,0,0,0,0,0,0,0,1,20,2,100,0,0
2026,"Nebraska",8,"Kimberly Drewniok",302,20,76,79,0.284,43,278,42,52,647,40,0,5,8,32,43.5,248,16,47.2,162,74,7,0.074
2026,"Nebraska",10,"Jordan Larson",267,20,74,78,0.278,40.1,234,37,35,583,48.5,15,359,15,27,39.4,310,18,44.9,183,78.9,29,0.263
2026,"Nebraska",2,"Emily Thater",146,15,59,60,0.32,44.7,102,21,8,228,50,1,18,9,21,37.5,168,35,43.8,17,63,5,0.267
2026,"Nebraska",22,"Julia Hanson",6,0,1,8,0.118,35.3,6,1,3,17,0,1,4,0,0,0,0,0,25,0,0,0,0
2026,"Nebraska",5,"Jaali Winters",94,5,27,44,0.221,34,83,16,13,244,47.4,14,266,8,11,50,144,3,41.7,62,79.5,4,0.154
2026,"Nebraska",3,"Annie Cesar",0,0,0,36,0,0,0,0,0,0,51.6,6,122,0,0,0,0,0,0,56,83.6,12,0.273
2026,"Nebraska",14,"Laura Dijkema",29,17,71,74,0.14,27.9,12,4,2,43,0,0,6,10,21,48.2,282,7,44.8,151,72.9,780,0.29
2026,"Nebraska",11,"Anne Buijs",245,15,63,71,0.259,38.2,220,43,28,576,43.2,31,426,5,10,52.8,218,20,47,143,83.6,8,0.121
2026,"Nebraska",19,"Alexis Hart",15,0,2,20,0.091,34.1,15,5,6,44,100,0,1,0,1,60,5,0,18.8,0,0,0,0
2026,"Salt Lake",10,"Madi Bugg",12,4,17,35,0.267,33.3,5,1,0,15,0,0,0,4,9,44.3,97,3,46.7,60,77.9,207,0.257
2026,"Salt Lake",6,"Tori Dixon",109,19,64,65,0.311,40.1,71,7,9,177,66.7,0,6,7,13,52.6,171,31,46.8,37,69.8,3,0.222
2026,"Salt Lake",18,"Mary Lake",1,0,0,21,0,0,0,0,0,0,41.7,0,12,1,0,50,32,0,0,6,60,3,0.75
2026,"Salt Lake",15,"Haleigh Washington",0,0,0,0,0,0,0,0,0,0,0,0,0,0,0,0,0,0,0,0,0,0,0
2026,"Salt Lake",11,"Serena Gray",183,15,56,56,0.477,57.1,152,12,13,266,41.2,1,17,7,28,32.9,149,24,44.4,26,68.4,5,0.2
2026,"Salt Lake",4,"Maddie Haynes",6,0,0,29,0,30.8,4,2,2,13,33.3,0,6,2,1,45.7,46,0,33.3,5,62.5,0,0
2026,"Salt Lake",33,"Heidy Casanova",183,18,61,62,0.243,37.4,157,25,30,420,0,1,5,14,41,40.4,193,12,43.6,132,79.5,11,0.086
2026,"Salt Lake",5,"Skylar Fields",60,2,13,30,0.25,38.6,51,10,8,132,50,0,6,2,6,47.3,55,7,24.3,44,88,1,-0.3
2026,"Salt Lake",16,"Manami Kojima",0,0,0,74,0,0,0,0,0,0,63.1,6,274,0,0,0,0,0,0,256,77.8,55,0.11
2026,"Salt Lake",3,"Dani Drews",2,0,0,3,0,25,1,1,0,4,0,0,0,0,0,0,0,1,50,1,100,0,0
2026,"Salt Lake",9,"Alexa Gray",253,15,56,58,0.247,38.8,223,46,35,575,43.1,33,511,14,26,39.3,224,16,51.4,120,80,8,0.148
2026,"Salt Lake",2,"Ifenna Cos-Okpalla",0,0,0,0,0,0,0,0,0,0,0,0,0,0,0,0,0,0,0,0,0,0,0
2026,"Salt Lake",21,"Claire Hoffman",231,18,64,70,0.226,37.2,203,37,43,545,60,10,365,6,11,43.7,215,22,41.9,118,79.7,5,-0.03
2026,"Salt Lake",1,"Jordyn Poulter",37,16,57,57,0.163,32.6,14,3,4,43,0,0,0,11,23,43.5,230,12,33.7,128,78,651,0.293
2026,"Salt Lake",7,"Sophie Fischer",62,6,28,30,0.128,32.1,25,6,9,78,60,0,5,13,18,27.4,113,24,52.9,14,100,4,1
2026,"Salt Lake",12,"Roni Jones-Perry",108,7,28,36,0.243,39.3,97,11,26,247,44.5,16,229,5,25,35.8,106,6,35.7,45,77.6,4,0.167
